Pengujian Ke,K,Alpha,Beta,Accuracy
Pengujian Ke- 1,3,0.1,0.1,0.33636363636363636
Pengujian Ke- 2,3,0.1,0.2,0.4666666666666667
Pengujian Ke- 3,3,0.2,0.1,0.503030303030303
Pengujian Ke- 4,3,0.2,0.2,0.42727272727272725
Pengujian Ke- 5,4,0.1,0.1,0.6
Pengujian Ke- 6,4,0.1,0.2,0.6090909090909091
Pengujian Ke- 7,4,0.2,0.1,0.4666666666666667
Pengujian Ke- 8,4,0.2,0.2,0.4575757575757576
